{
  "publicPath": "[object Object]/dist/",
  "all": [
    "0.e4d11882c9c40af44854.js",
    "1.397767abc3faa08dc3a0.js",
    "vendor.cd6f81c1d7632758fdc7.js",
    "app.125857707a8ebfe14555.js",
    "manifest.386e5d0ed921c11c82be.js",
    "style-944f033f.css"
  ],
  "initial": [
    "manifest.386e5d0ed921c11c82be.js",
    "vendor.cd6f81c1d7632758fdc7.js",
    "app.125857707a8ebfe14555.js"
  ],
  "async": [
    "0.e4d11882c9c40af44854.js",
    "1.397767abc3faa08dc3a0.js"
  ],
  "modules": {
    "44056229": [
      2
    ],
    "59251387": [
      2
    ],
    "7fadb886": [
      2
    ],
    "1775cd82": [
      2
    ],
    "16be7f52": [
      2
    ],
    "60a4beee": [
      2
    ],
    "869902e0": [
      3,
      5
    ],
    "0a2c2f58": [
      2
    ],
    "672b939c": [
      2
    ],
    "5f682319": [
      2
    ],
    "a4e5d6ae": [
      2
    ],
    "1db6a7f8": [
      2
    ],
    "26083a75": [
      2
    ],
    "27e600df": [
      2
    ],
    "48e95458": [
      2
    ],
    "4c9d433c": [
      2
    ],
    "045970f5": [
      3,
      5
    ],
    "6580ea7f": [
      3,
      5
    ],
    "bba625fc": [
      2
    ],
    "7f419e1b": [
      2
    ],
    "3bd48046": [
      2
    ],
    "197efae8": [
      3,
      5
    ],
    "7654d5d8": [
      2
    ],
    "fa1a7df6": [
      2
    ],
    "855a06cc": [
      2
    ],
    "06d39f7a": [
      2
    ],
    "8c936c5a": [
      2
    ],
    "7ad63133": [
      2
    ],
    "1055cae4": [
      2
    ],
    "2a307135": [
      2
    ],
    "7e83ab43": [
      2
    ],
    "723a2c52": [
      2
    ],
    "695424f6": [
      2
    ],
    "190966ca": [
      2
    ],
    "688a6aba": [
      2
    ],
    "0ef626aa": [
      2
    ],
    "419e28f5": [
      2
    ],
    "7f2c80d4": [
      2
    ],
    "a48fc33a": [
      2
    ],
    "2f0f0219": [
      3,
      5
    ],
    "405d5351": [
      3,
      5
    ],
    "84bf710e": [
      3,
      5
    ],
    "9a79794e": [
      2
    ],
    "28fddf14": [
      2
    ],
    "3d0e8ebb": [
      2
    ],
    "49304c3a": [
      1
    ],
    "1a9b2c41": [
      0
    ],
    "2141c8be": [
      1
    ],
    "44dce8aa": [
      1
    ],
    "5ca3873d": [
      0
    ],
    "05a33c5e": [
      0
    ],
    "11ecfee1": [
      1
    ],
    "46c6c52a": [
      0
    ]
  }
}